company,country,product_details_raw,contacts_raw
Capital Bank (CAP)-Jordan,Jordan, SAP-ETL; SAP-BO; BankBI-IFRS9; BankBI-GOAML; BankBI-FATCA; BankBI-DWH; BankBI-CRS;, Samer Haddad; Anas Defallah; Mazen Melhem; Ahmad Abuhantash; Mohammad Quraini; Mohammad Ayasra; Faten Kayyali; Raed Kashkash; Rami Abu Hussein; Mohammad Anabtawi; Mahmoud Elryalat; Mahmud Hanbali; Amal Saleh; Mamoun Issa; Hazem Odeh; Samer Wadi; Maram Al- Halabieh;
Baghdad Bank (BGD),Iraq, SAP-BO; BankBI-RBA; BankBI-FATCA; BankBI-DWH; BankBI-Credit Bureau;, Nida Ibrahim; Kamel Abu hijileh; Omar Hussein; Mohammed Jihad; Samer Enad; Rana Shawqi;
COMMERCIAL BANK OF JORDAN (JCB),Jordan, SAP-ETL; SAP-BO; Oracle License; Legal; BankBPM-Remedial; BankBPM-Real Estate; BankBPM-COL; BankBI-RR; BankBI-DWH;, Shurooq Yassin; Sara Younis; Mohammad Shweiki; Alaa Shoubaki; Mersyan Srour; Omar Odeh; Samar Abu Dabbassi; Nadim Moushar; Faris Alazab; Mohammad Ghannam; JCB-MIS -Team; Basheer Al -Farhat;
Syria Gulf Bank - (SGB),Syria, SAP-BO; BankBPM-DM; BankBI-DWH; BankBI-AML;, Wael Sharba; Bilal Al-Doughli; Manar Abo Dahab; Hla Ahmad; SGB _ Piotech; SGB_piotech _crm;
Cairo Amman Bank (CAB),Jordan, BankBI-FATCA;, Hala Kreshan; Khader Yacoub; Mohammad Mousa; Shadi Al- Watanieh; Manar Nasser; Islam Faroun; Shereen Marmash; Shadi Lahlouh; Samer Sowan;
Arab Jordan Investment Bank (AJB),Jordan, W4-Licenses; SAP-ETL; SAP-BO; BankBPM-PSO; BankBPM-DM; BankBPM-COL; BankBI-RR; BankBI-MIS; BankBI-GOAML; BankBI-FATCA; BankBI-DWH;, AJIB MIS; Dina Kreishan; Bassam Ismail; Saif Najdawi; Ahmad Badran; Abed Abunameh; Abdullah Omar; Basel Hannoun; Deema Najjar; Fadi Jaber; Akram Khair; Ziyad Yousef; Mohammed Elkahlout; Nidal Ewidah; Miran Naaji; Ghaith Mango; Marwan Kharrosheh; Faris Hanna; Marina Simonian; Selin Shilleh; Anita Ashram; Rawan Asakrieh; Alaa Abu Ayead; Wessam Samawi; Lina Alali; Eba'a Alkharmah; Zaina Abu Saad; Aysar Hammoudeh;
Housing Bank for trade (HBT),Jordan, SAP-BO; Salary; Legal; BankBPM-ScreenDev; BankBPM-Remedial; BankBPM-Real Estate; BankBPM-Payroll; BankBPM-COL; BankBI-RR; BankBI-RBA; BankBI-CRS;, Ahmad Al- Sayed; Hadeel Samaha; Mohamad Radawn; Tariq Akleek; Ahmad alhbeidi; Malik Murafi; Salam Bin Tareef; Dina Al-Kharabsheh; Ahmad Alkurdi; Renad Fadda; Abdel-Rahman Kushha; Burhan Rizik; Diyaa Ahmad; Basel Musallam; Mo'men Albayaydah; Sawsan Qiqieh; Loiy Mosleh; Ashraf Awwad; Sager Faouri; Reema Mohammad; Jihad Darwazeh; Lilas Shahin; Ahmad Jadallah;
International Bank For Trade (IBT),Syria, SAP-BO; BankBI-MIS;, Maha Salman; Rahaf Aboshkeer; it-dept -; Wassim Haddad;
Housing Bank for Trade &Finance(HBP),Palestine, SAP-BO; Oracle License; BankBPM-KYC/AC; BankBI-RBA; BankBI-FATCA; BankBI-DWH;, Ramzi douleh; Ziad Aburmais; Hadeel Qatawi; Ohoud AbuAlsebaa; Ishaq Serhan; Layth Irshaid; Ahmad Merie;
Palestine Islamic Bank (PIB),Palestine, BankBI-FATCA;, Manaa Faqeeh; Akram DarSaleh; Rawan Taher; Mohammed Hajjaj; Mohammad Faqih; Mohammad Musleh;
Ashur International Bank (ASH),Iraq, BankBI-FATCA; BankBI-DWH; BankBI-AML;, Humam aldeeb; laith alkahdimi; Ghazi Ahmed; Hanar Ibrahim;
Bank of Jordan (BOJ),Jordan, SAP-BO; Legal; BankBI-RR; BankBI-IFRS9; BankBI-FATCA; BankBI-CRS;, Hussam Alkatoot; Muhannad Dagash; Adnan Ramadan; it department -; Aya Zarour; Luay Isealeh; Rawan Salhab;
Gulf Commercial Bank (GCB),Iraq, SAP-BO; Oracle License; BankBPM-Loans; BankBI-RBA; BankBI-MIS; BankBI-FATCA; BankBI-DWH; BankBI-AML;, Azher -; GCB Support; Ahmed Ibraheem; Muhammad Khalid; Maher Mardini;
Industrial Development (IDBE),Egypt, SAP-ETL; SAP-BO; BankBI-RBA; BankBI-FATCA; BankBI-DWH; BankBI-AML;, Manar samy; App Team; Abdallah Ramadan; Abeer Adel; Fatma Younis; Salma Khaled; Aya Hany; Aya Sadek; Menna Osama;
Safwa Bank (JDI),Jordan, SAP-BO; CRM; BankBPM-Loans; BankBPM-COL; BankBI-RR; BankBI-IFRS9; BankBI-GOAML; BankBI-FATCA; BankBI-DWH; BankBI-CRS; BankBI-AML;, Tawfiq Abushareef; Ahmad Heyari; Feras Issa; Shireen Antaki; Abdullah Alotoum; Mohammad Abuisbieh; Juman AL- Omari; Omar AL- Khrissat; Duaa Aljnini;
Investment Bank of Iraq (IBI),Iraq, Oracle License; BankBPM-DM; BankBI-MIS; BankBI-FATCA; BankBI-DWH; BankBI-AML;, Info IBI; Firas -; Bader -; Dania Sameem; Karar Mohammed; Hussein Alaa;
Al Quds Bank (QDS),Palestine, SAP-BO; BankBI-DWH;, Hadi hosnia; Mosab tartir; Amjad Fadly; Alaa Alaa.Titi; Bahaa Qutairi; Alaa Sulaiman; Compliance Department; Rana Masoud;
Palestine Investment Bank (PIV),Palestine, SAP-BO; BankBI-RBA; BankBI-MIS; BankBI-FATCA; BankBI-DWH; BankBI-AML;, Moayad ghunim; Walid Wahbeh; Salah Faris; Banks -; Baker Beladi; Kawthar Husain; Mousab Arouri; Safwan Jibreel; AbedAlRahman Suliman; Mohammad Hamayel; Burhan Hammad; Salman Awaisa; Mohammad Abusal; Allam Zaqqa;
Arab Bank PLC (ARB),Jordan, SAP-BO; BankBI-RR;, GMITGMISDATA -; Lilas Shaheen; Shatha Musallam; Rodaina Alkhzouz; Ali AbuZayid;
Bank of Jordan - Syria (BOS),Jordan, BankBI-RR;, Alaa Zatar; Kareem Al-Moubyed; Rwand Jamous; Mohamed Ehsan;
Al-Tasheelat Jordan (JTF),Jordan, SAP-BO; BankBI-MIS;, Riyad Odeh; Fatmah kharabsheh; Anas Abu Elezz;
Region Trade Bank - (RT),Iraq, SAP-BO; BankBI-FATCA; BankBI-DWH; BankBI-CRS; BankBI-AML;, Khawar ali; Rawa mohammed; Alaa Adel; Ali Azzat; Hani Zuher; Duaa Ali; Noora Yaqub; Hani Debsi; IT business support; Emad Alawi; Hussein Ali; Farman Murad; Yasr Kamaran; Oula Michel; Andro Abduljabbar;
The National Bank - Palestine (TNB),Palestine, SAP-ETL; Oracle License; BankBI-FATCA; BankBI-DWH;, Shehab Alawi; Aseel Alzaqleh; Hayati Almasri; Waleed Ahmad; Mahmoud Salameh; Ghassan Siyam; Mohammad Romaneh; Batool Derieh; Mohammad Abdulghani;
Tunis International Bank (TIB),Tunisia, SAP-BO; BankBI-MIS;, Mohamed mbarek; Youssef Chefai; Mohamed Chamakh; George Daniel;
Burgan Bank (BUR),Kuwait, SAP-ETL; SAP-BO; BankBI-RR; BankBI-DWH;, Nidhinmon Paul; Joseph Alapatt; Prathibha -; Dennis John; Mahin Yakub Mohammed;
Al Rajhi Bank (RAJ),Jordan, SAP-BO; BankBPM-COL; BankBI-RR; BankBI-GOAML; BankBI-FATCA; BankBI-DWH; BankBI-Credit Bureau;, Yousef Sabbah; Mohammad Altabar; Hameed Alaqabawi; Mohammad Al Katou; Ahmad Najem; Rahaf Sulaiman; Mohammad Alsoutari; Diyaa Ali Nahla; Husam Khalil; Jordan Application and ATMs Support; Heba Naser; Emad Steitieh; Dana Al-Khabbaz; Sally Sharqawi; Husam Bloukh;
Housing Bank (HBH) -Bahrain,Bahrain, SAP-BO; Oracle License; BankBI-RR; BankBI-Risk Assessment; BankBI-DWH;, Husain Ahmed; Hasan Nawrooz; Ahmed A.A. ALKoofi; Mohammad A.M. Al-Akash; Merry Benny; Archana Dharmaraj;
Omdurman National Bank (ONB),Sudan, SAP-BO; BankBI-DWH; BankBI-AML;, Eihab Mohamed; Hamed saed; Abdlla Ibrahaim; Compliance Department; Ayman Abdalla Mohamed; Ahmed Suliman Alfaki;
National Microfinance Bank (NMB),Tanzania, BankBI-RR; BankBI-IFRS9; BankBI-Fund Transfer Pricin(FTP); BankBI-DWH; BankBI- Profitability;, Diana Mongula; Nirmal kumar; Hatibu Joshua; Irene Musomi; Frank Tilugulilwa;
AL-Mawarid Bank (MWR),Lebanon, BankBI-DWH; BankBI- Profitability;, Charbel Abi Raad; Touma Chams; Samir Bader;
Trans Iraq Bank for Investment (TRB),Iraq, SAP-BO; BankBI-FATCA; BankBI-DWH; BankBI-Credit Bureau; BankBI-AML;, Basam Burhan; Mustafa -; Rafal -; Dhuha Abduljaleel; Wisam Harb; Ahmed Abdulamir;
The United Bank of Egypt (TUB),Egypt, SAP-ETL; BankBPM-Workflow; BankBPM-KYC/AC; BankBI-RR; BankBI-GOAML; BankBI-FATCA; BankBI-DWH; BankBI- Profitability;, Mohamed Essam; Mohamed Saed; IT-APP -; Mohamed Kotb; Wessam Ali; Yasser Ghoniem; Ibrahim Tarek; Hassan Khatab; Hany Elsayad; Ahmed Helmy; Mazen Eldesouky; Karim elshahed; Malek Wessameldin;
Iraqi Islamic Bank (ISB),Iraq, BankBI-MIS; BankBI-GOAML; BankBI-FATCA; BankBI-AML;, Tareq Doshan; Mohammed Qasem; it.support - ISB; AML Offic; Mohammad Al-khalayleh;
International Islamic Bank (IIB),Iraq, SAP-BO; Oracle License; BankBI-GOAML; BankBI-FATCA; BankBI-DWH; BankBI-AML;, Raheeq Ali Majed; Israa -; Taha Saeed; Zeena Shakir; Ali Kadhim; Ali Fuad; Khalid Hatef; Ahmed Abdulridha; Ahmed Naeem; Zeina Mahmood;
Al-Arabiya Islamic Bank (AIB) -Iraq,Iraq, BankBI-RBA; BankBI-AML;, Dashti Mohammed;
Trust International Islamic (TII),Iraq, SAP-BO; BankBI-DWH; BankBI-AML;, Ahmad Raad; Abdulhameed Falih; Ahmed Saad chasib; Saja Ali Khaleel;
Bank of Bagdad Lebanon (BGL),Lebanon, SAP-BO; BankBI-IFRS9; BankBI-DWH;, Wissam Jabbour; Georges Saab;
Rajih Islamic Bank (RIB),Iraq, BankBI-AML;, Sara Mutaa; Majid Hamid; Hadeel Abd;
Alrajhi Bank Kuwait (RAK),Kuwait, SAP-ETL; SAP-BO; BankBI-RR; BankBI-DWH;, Naser Tareef;
Asia Al-iraq Islamic Bank (AII),Iraq, BankBI-AML;, Haider Akram; Mohammad Jamal; Wisam -; amldep -;
Al Baraka Bank Sudan (BBS),Sudan, SAP-ETL; SAP-BO; BankBI-AML;, Essra Abdul Hafiz; Operation & Service Desk -; Mohanad Derar; Mohamed Ibrahim; Babiker Ismail; Mohamed Hamid;
Trade Bank of Iraq (TBI),Iraq, BankBI-FATCA;, Zaid Alhayali; Salam Amaan; IW Managements; IW_APP Management; Marwan Alrawi;
Al-Shamal Islamic Bank (SHB),Sudan, BankBI-FATCA; BankBI-AML;, Mubarak mamoun; Mubark zain;
Ziraat Bank- Iraq (ZIR),Iraq, SAP-BO; BankBI-RR;, Mohammed Qader; Peyvent PEYK;
Al Mustashar Islamic Bank (MIB),Iraq, BankBI-Risk Assessment; BankBI-FATCA; BankBI-AML;, Shahad Abdlwaheed; aml -; IT -; it_support -; Mustafa -; Mohammed Salam; Noor Raad;
Al-Mansour Bank For Investment (MBI),Iraq, SAP-BO; Oracle License; BankBI-RBA; BankBI-IFRS9; BankBI-FATCA; BankBI-DWH; BankBI-Credit Bureau; BankBI-AML;, Maryam Dawood; zaid rashid; Mustafa Jamal; Asal Sabah; Tammuz Alraheb; Farah Raed; Esraa Hadi; Shams Alaa;
Misr Iran Development Bank (MID),Egypt, SAP-BO; BankBPM-Workflow; BankBPM-KYC/AC; BankBI-RR; BankBI-DWH;, AbdelFattah ElMasry; Ahmed El Sharkawy; Taha Fathy; Mohamed Elzahaby; Haitham Mohamed; IT App -; Mahmoud Nour; Ali Gamea; Ahmed Hamed;
People's Bank of Zanzibar Ltd (PBZ),Tanzania, SAP-ETL; SAP-BO; BankBI-RBA; BankBI-DWH; BankBI-AML;, NASSOR HAJI; Mgeni Keis; Khatib Pandu; Mohd Yussuf; Hilal Amour;
Zanaco (ZNC),Zambia, SAP-ETL; SAP-BO; BankBI-DWH;, Derrick Bwalya; Moses Sichilombe;
Aljazeera Sudanese Bank (JSJ),Sudan, SAP-BO; BankBI-FATCA; BankBI-AML;, howida salih; aamir alqusi; Hani abbas; Amar mohamed; Asma Yahya; Abdallah Osman; IT-Application Support; Abubaker Hashim;
Jordan Kuwait Bank (JKB),Jordan, W4-Licenses; SAP-BO; Legal; CRM; BankBPM-COL; BankBI-RR; BankBI-GOAML; BankBI-FATCA; BankBI-DWH; BankBI-CRS;, Yousef Almesri; Saeed Tah; DBA-Team -; Ibrahim Alnajjar; Hamzeh Zayadneh; Eyas Alkayed; Nawaf Iskandarani; Ehab Twal; Mohammad Omar; IT-APP -support; Dareen Hamzeh; Mohammad Sinnawi; Mais Mheirat; Laith Khalil; it-release-management -management; Ahmad Ghalib; Zuhieret Barham; Mohammad Al Ghamaz; Mohammad Talal;
First Iraqi Bank (FIN),Iraq, Oracle License; BankBI-RBA; BankBI-FATCA; BankBI-DWH; BankBI-AML; Bank CM;, ; Noor Bahaa; Haidr Noori; Hazem Khalil; IT Department; Aland -; Onel Shamoon; Ibrahim Shamall; Raed Bakka; Sangar Mohammed; Hanan Vinar; Sangar Mohammed; Abdulrahman Alhayek; Chro Abubakr;
Agriculture Bank of Sudan (AGR),Sudan, BankBI-FATCA; BankBI-AML;, ; Abedulhafez Hamad;
Jordan Islamic Bank (JIB)-Jordan,Jordan, SAP-ETL; BankBI-RBA; BankBI-FATCA; BankBI-DWH; BankBI-AML;, ; Mohammad Almasri; Mustafa Abudayeh; Mohammad Elayyan; mutasm Qenneh;
KCB Bank Kenya Limited (KCB),Kenya, BankBI-FATCA; BankBI-DWH;, Mutinda -; John Bosco Muia; Simon Maina; Cosmus Katingia Musango; Joseph Wamalwa Lukorito;
Iraq Stock Exchange (ISX),Iraq, Oracle License; BankBI-AML;, Zinah -;
Bank Nizwa (NZW),Oman, SAP-ETL; BankBI-DWH;, ; Arun Ganesan; Anvar Sadat; Jawaher Al Ajmi; Amira Al Balushi;
Al-Ahli Bank (ABO),Oman, BankBI-RR; BankBI-DWH; BankBI- Profitability;, ; Shadi Al- Hourani; Syed Sadiq Basha; Issa AbdRabbow; Omar Zeater;
Alawneh Exchange (ALW) – Jordan,Jordan, SAP-ETL; Oracle License; BankBI-AML;, ; Khaled Nemer; Ahmad Salem; Assad Alawneh; IT department; Ahmad Qutaish; Fares Al-Qaisi; AML Alawneh; Ahmad Al-Mustafa; Ghadeer H; Hamzah Awwad; Hassan Alathem; Anas Al-Rousan; Noorhan AlJunidi; Mahmoud Trad; Saifeddin Rasheed; Saif Masarweh; Heba Al-Adarbeh; Laith Al-Omari;
Oromia International Bank (ORM),Ethiopia, SAP-ETL; SAP-BO; BankBI-MIS; BankBI-DWH;, ; Abraham Chala; knati2014 -; Tsion Girma;
Tadamon Islamic Bank (TAD) -Sudan,Sudan, BankBI-AML;, ; Hani Abas; Haytham Saeed;
Vakif Bank (VAK),Turkey, BankBI-RBA; BankBI-AML;, ; Firat KIZILER;
National Bank of Yemen (NBY),Yemen, SAP-ETL; SAP-BO; Oracle License; BankBI-RBA; BankBI-MIS; BankBI-AML;, ; Samah Bagish; Ziad Aydh Basunaid; Muhammad Anwar Qutb; Aisha Ahmad Ali; Aisha Baidani; it.apps -;
Animal Resources Bank (ANR),Sudan, BankBI-AML;, ; Asma Omer; Mustafa Omar;
Al-Taif Islamic Bank (TIF)- Iraq,Iraq, SAP-ETL; Oracle License; BankBI-RBA; BankBI-AML;, ; Mustafa Abas; Nora Adil; Shahad Saad; Anmar Basil; Ali Salam; Hiba Abas; Aws Muneer; Ahmed Waleed; khalid Elias; AML Department; Esraa Qasim; Diana Ali; Bashar Saad; Ayat Mohammed; Mohanad Abdulrasoul;
Mosul Bank (MDI),Iraq, BankBI-RBA; BankBI-FATCA; BankBI-AML;, ; AML -; Younis Ahmad; Munaf Salim; Audit -; Compliance -; Hashim -; Hussein Ali;
Elaf Islamic Bank-(EIB),Iraq, BankBI-AML;, ; Sinan Salwan; Rafea Saib; Mohammed Taqi Salman;
Hammurabi Commercial Bank (HCB),Iraq, SAP-ETL; SAP-BO; BankBI-RBA; BankBI-FATCA; BankBI-DWH; BankBI-AML;, ; Mohammed Ayad; it.dept -; Omar Salim; Teba Ibrahem;
Hope International (HOP),USA, SAP-ETL; BankBI-RBA; BankBI-AML;, ; Theopiste Nyarwaya; Albert Mukunzi; Daniella Munezero; Beatrice Nyirabaruta; Grace Natukunda;
Islamic International Arab Bank(IIA),Jordan, SAP-ETL; SAP-BO;, ; Mariam Al- Hjouj; Omar Khawaldeh; Hashem Shehadeh; Burhan Darwish; App. support.team; Yazan Awwad; Yahya Alhajhasan; Tareq Alqasem; Saifeldeen Alnaimi; Osama Mihdawy; Fuad Raja; Bilal Jabr; Ahmad Alturk;
Network International Services (NIS),Jordan, BankBI-RBA; BankBI-AML;, Jameel Almasri; Firas Kayyali; Rawan Al-Jayyousi; Ahmad Maaitah; Mohammad Al-Ma'abreh; Taher Alkhatib; Ameer Al-Suhemat; Sara Alharasis;
FastPay for e-Payment Limited (FPP),Iraq, SAP-ETL; Oracle License; BankBI-AML;, ; IT - FastPay; Masoud Omer; Soran Zangana; Sadiq Ali Khadim; Sarah Abdulrazak; Amin Taha Hassan; Yousf Mohammed Turki; Salman Hama Babkr;
Credit Card Service Company (CSC),Jordan, SAP-ETL; BankBI-RBA; BankBI-AML;, ; Mosab Dweik; CSCJOR- Compliance; Waleed Mohammad; Ibrahim AbuRuman; Mazen Al-Dweik; Rawan Qaisi; Yazan Abed; Wael Alabed; Moh`d rasoul bani khaled;
Ahli Microfinance Company (AMC),Jordan, SAP-ETL; Oracle License; BankBI-RBA; BankBI-AML;, ; Wael Swidan; IT Support -; Mohammad AlAbed; Rwaina Rabadi; Yasmeen Nimry;
AsiaHawala Company (AHC),Iraq, SAP-ETL; BankBI-AML;, ; Haetham Hadi Abd; Yad Emdad Karim; Rozhin Dana Khasraw;
Arab Bank Syria (ABS)-Syria,Syria, BankBI-RR;, ; Rivan Jadallah; Khaldoun Alswaid; Rana Al Sermani;
MadfooatCom (MAD),Jordan, SAP-ETL; BankBI-AML;, ; Mousa Saleh; Wesam Al-amad; Laith Musa; Mohammad Kannan; Ashraf Almohtaseb; Ali Awartany; MG- Support; Compliance -; Hamza Mhairat; Mishael Almuady; Ahmad Kaddoura; Heba Bustami; Support Group;
Zain Cash (ZIN)-Jordan,Jordan, SAP-ETL; BankBI-RBA; BankBI-AML;, ; Odai Al-Haileh; Zain Cash Compliance; Hosni Haddadin; ZainCash_ Support; Lamees Makhamreh; Ahmad Allan; Basil Hannoun; Mohammad Flaifel; Mohammed Attallah;
The Specialized Leasing Company(SLC),Jordan, SAP-ETL; Oracle License; BankBI-DWH; BankBI-CRS;, ; Raghad AlQaseer; Fadi E'layan; Awn Hawi; Mohammad Qassass;
Oman Investment & Finance (OIB),Oman, BankBI-AML;, ; Nusrat Abbas; Mohammad Amir; Nada Al Zadjali; Afaf Al- Rubaiey;
National Bank of Egypt (NBE),Egypt, BankBI-GOAML;, ; Hany Said Mansour; Mostafa Abd Elfatah; Mohamed Ibrahim Mubark; Shereen Kamal; Engy Ali; Mohamed Hesham; Ahmed Elmasry; OFSAA_ Support; Fadi Dargham;
Loan Financing Company (LON),Saudi Arabia, SAP-ETL; BankBI-AML;, ; Halah Alhussayen; IT-department -; Sulaiman Alhudaif; Ahmed Oda; Abdulrahman Alhudaif;
National Bank of Iraq (NBI)-Iraq,Iraq, BankBI-GOAML; BankBI-FATCA;, ; Mohammed Thair; Mustafa Basheer; Alaa Mustafa; Nour Altaear; AML NBI; Wid Ali; Baker Alrefaei;
Al- Sanam Islamic Bank (SAN),Iraq, BankBI-RBA; BankBI-FATCA; BankBI-AML;, ; AML -; Sura Abbas; aml.dep -;
Palestine Investment Bank (PVB) - B,Bahrain, BankBI-RBA; BankBI-AML;, ; Mohammad Abusal; Compliance -;
Banque Bemo Saudi Fransi (BSF)-Syria,Syria, SAP-ETL; BankBI-RBA; BankBI-DWH; BankBI-AML;, ; Maria Harastani; Shaza Mawlawi; Besher Daaboul; Ammar Shaikh Ali; Yousef Jeddawi;
Egyptian Arab Land Bank (EAB)-Jordan,Jordan, Legal;, ;
